"name","date","requestStatus","requestType","progress","id"
"","","In Progress","Training & Mentorship","","1"
"","","Completed","Access to new market & Networking","","2"
"","","Completed","Training & Mentorship","","3"
"","","Completed","Access to new market & Networking","","4"
"","","Completed","Training & Mentorship","","5"
"","","Completed","Access to digital business management tools","","6"
"","","Started","Training & Mentorship","","7"
"","","Started","Access to digital business management tools","","8"
"","","Started","Training & Mentorship","","9"
"","","Started","Access to digital business management tools","","10"